"","p","m","M","avg_e","avg_F","avg_g","avg_t"
"1",0.1,2,15,2,11.2,6.1,1
"2",0.1,2,20,2,13.36,7.18,1
"3",0.1,2,25,2,14.18,7.59,1
"4",0.1,2,30,2,15.52,8.26,1
"5",0.1,2,35,2,17.26,9.13,1
"6",0.1,2,40,2,17.76,9.38,1
"7",0.1,2,45,2,17.44,9.22,1
"8",0.1,2,50,2,13.68,7.34,1
"9",0.1,2,55,2,18.72,9.86,1
"10",0.1,2,60,2,16.56,8.78,1
"11",0.1,3,15,2.7,11.29,7.52,1.7
"12",0.1,3,20,2.61,15.34,9.84,1.61
"13",0.1,3,25,2.56,16.73,10.3,1.56
"14",0.1,3,30,2.56,19.18,11.64,1.56
"15",0.1,3,35,2.5,21.29,12.88,1.5
"16",0.1,3,40,2.48,21.82,12.7,1.48
"17",0.1,3,45,2.39,21.33,11.97,1.39
"18",0.1,3,50,2.42,21.11,12.16,1.42
"19",0.1,3,55,2.37,23.68,13.65,1.37
"20",0.1,3,60,2.42,22.63,12.84,1.42
"21",0.1,4,15,3.69,13.92,9.99,2.63
"22",0.1,4,20,3.61,17.43,12.3,2.53
"23",0.1,4,25,3.41,20.77,13.48,2.31
"24",0.1,4,30,3.24,24.1,15,2.06
"25",0.1,4,35,3.26,26.74,16.57,2.05
"26",0.1,4,40,3.19,27.74,16.39,1.91
"27",0.1,4,45,3.13,31.49,18.33,1.91
"28",0.1,4,50,3.01,30.5,17.56,1.74
"29",0.1,4,55,3.09,32.17,18.95,1.85
"30",0.1,4,60,3.08,35.84,20.46,1.77
"31",0.1,5,15,4.49,13.55,10.72,3.48
"32",0.1,5,20,4.28,18.09,13.46,3.26
"33",0.1,5,25,4.12,22.52,16.12,3.11
"34",0.1,5,30,3.9,24.81,16.75,2.88
"35",0.1,5,35,3.71,27.14,18.13,2.68
"36",0.1,5,40,3.53,31.22,20.04,2.44
"37",0.1,5,45,3.62,33.27,21.26,2.57
"38",0.1,5,50,3.3,32.14,19.65,2.26
"39",0.1,5,55,3.42,35.55,21.45,2.31
"40",0.1,5,60,3.05,32.45,18.84,1.96
"41",0.1,6,15,5.61,14.53,11.83,4.6
"42",0.1,6,20,5.37,19.25,14.79,4.31
"43",0.1,6,25,5.18,23.4,17,4.06
"44",0.1,6,30,4.96,26.86,19.31,3.82
"45",0.1,6,35,4.98,32.02,22.41,3.87
"46",0.1,6,40,4.56,33.38,22.17,3.37
"47",0.1,6,45,4.35,36.51,23.12,3.02
"48",0.1,6,50,4.34,39.74,25.15,3.06
"49",0.1,6,55,4.16,40.13,24.76,2.76
"50",0.1,6,60,4.04,43.69,26.56,2.7
"51",0.1,7,15,6.54,14.5,12.18,5.54
"52",0.1,7,20,6.24,19.53,15.9,5.23
"53",0.1,7,25,5.87,23.96,18.43,4.89
"54",0.1,7,30,5.35,27.98,20.31,4.31
"55",0.1,7,35,5.2,31.24,22.38,4.17
"56",0.1,7,40,5.04,34.92,24.07,3.95
"57",0.1,7,45,4.54,38.14,25.16,3.41
"58",0.1,7,50,4.52,40.06,26.13,3.35
"59",0.1,7,55,4.4,44.05,27.91,3.15
"60",0.1,7,60,4.54,42.83,27.78,3.38
"61",0.1,8,15,7.64,14.84,13.19,6.64
"62",0.1,8,20,7.39,19.49,16.32,6.37
"63",0.1,8,25,6.96,24.43,19.37,5.85
"64",0.1,8,30,6.96,28.83,22.91,5.91
"65",0.1,8,35,6.15,33.06,24.38,5.06
"66",0.1,8,40,6.22,36.82,27,5.07
"67",0.1,8,45,5.6,40.64,28.12,4.38
"68",0.1,8,50,5.13,41.42,27.13,3.87
"69",0.1,8,55,5.08,47.03,30.52,3.84
"70",0.1,8,60,5.11,49.03,31.82,3.84
"71",0.1,9,15,8.65,14.85,13.32,7.63
"72",0.1,9,20,8.48,19.61,16.88,7.5
"73",0.1,9,25,8.01,24.66,20.85,7.09
"74",0.1,9,30,7.63,28.95,23.35,6.69
"75",0.1,9,35,7.32,34.03,26.79,6.41
"76",0.1,9,40,6.7,37.17,27.47,5.64
"77",0.1,9,45,6.73,41.35,31.25,5.81
"78",0.1,9,50,6.05,44.95,31.65,5.06
"79",0.1,9,55,5.81,49.09,33.42,4.71
"80",0.1,9,60,5.78,51.11,34.8,4.79
"81",0.1,10,15,9.74,14.87,13.45,8.74
"82",0.1,10,20,9.66,18.85,17.21,8.65
"83",0.1,10,25,9.3,24.59,21.05,8.32
"84",0.1,10,30,8.58,28.71,23.94,7.63
"85",0.1,10,35,8.38,33.86,27.3,7.36
"86",0.1,10,40,8,37.78,29.77,7.02
"87",0.1,10,45,6.86,42.88,30.7,5.78
"88",0.1,10,50,7.2,45.99,34.11,6.18
"89",0.1,10,55,6.38,48.94,33.88,5.35
"90",0.1,10,60,6.67,53.25,37,5.58
"91",0.1,11,15,10.79,14.84,13.56,9.79
"92",0.1,11,20,10.4,19.94,18.06,9.45
"93",0.1,11,25,10.24,24.72,21.51,9.25
"94",0.1,11,30,9.55,29.44,24.95,8.71
"95",0.1,11,35,9.13,33.99,27.86,8.33
"96",0.1,11,40,8.74,39.07,31.25,7.89
"97",0.1,11,45,8.12,42.66,33.08,7.34
"98",0.1,11,50,7.8,46.98,35.38,6.96
"99",0.1,11,55,7.43,51.48,37.84,6.55
"100",0.1,11,60,7.06,54.39,38.62,6.15
"101",0.2,2,15,2,7.42,4.21,1
"102",0.2,2,20,2,7.8,4.4,1
"103",0.2,2,25,2,9.6,5.3,1
"104",0.2,2,30,2,8.42,4.71,1
"105",0.2,2,35,2,9.14,5.07,1
"106",0.2,2,40,2,7.44,4.22,1
"107",0.2,2,45,2,8.76,4.88,1
"108",0.2,2,50,2,9.6,5.3,1
"109",0.2,2,55,2,9.02,5.01,1
"110",0.2,2,60,2,8.84,4.92,1
"111",0.2,3,15,2.51,10.1,6.42,1.51
"112",0.2,3,20,2.49,11.93,7.46,1.49
"113",0.2,3,25,2.4,12.61,7.5,1.4
"114",0.2,3,30,2.48,12.43,7.5,1.48
"115",0.2,3,35,2.43,13.1,7.65,1.43
"116",0.2,3,40,2.45,13.24,7.66,1.45
"117",0.2,3,45,2.41,13.69,7.88,1.41
"118",0.2,3,50,2.39,13.75,8.03,1.39
"119",0.2,3,55,2.41,12.91,7.49,1.41
"120",0.2,3,60,2.5,13.3,7.91,1.5
"121",0.2,4,15,3.46,12.66,8.51,2.33
"122",0.2,4,20,3.29,14.49,9.09,2.13
"123",0.2,4,25,3.33,17.16,10.55,2.11
"124",0.2,4,30,3.06,17.28,10.25,1.75
"125",0.2,4,35,3,17.56,10.23,1.73
"126",0.2,4,40,3.01,19.2,11.14,1.72
"127",0.2,4,45,3.07,19.16,11.1,1.79
"128",0.2,4,50,3.06,20.9,11.89,1.75
"129",0.2,4,55,3.09,18.58,10.76,1.8
"130",0.2,4,60,2.97,20.14,11.28,1.66
"131",0.2,5,15,4,12.71,9.09,2.91
"132",0.2,5,20,4.07,16.51,11.44,2.97
"133",0.2,5,25,3.65,18.21,11.96,2.57
"134",0.2,5,30,3.67,20.44,13,2.48
"135",0.2,5,35,3.46,21.45,13.02,2.25
"136",0.2,5,40,3.26,21.42,12.47,2.07
"137",0.2,5,45,3.4,21,12.64,2.17
"138",0.2,5,50,3.08,22.99,13.15,1.86
"139",0.2,5,55,3.3,21.03,12.45,2.07
"140",0.2,5,60,3.41,23.98,14.33,2.23
"141",0.2,6,15,5.25,14.12,10.66,4.14
"142",0.2,6,20,4.84,17.87,12.59,3.65
"143",0.2,6,25,4.57,21.29,14.15,3.21
"144",0.2,6,30,4.47,24.03,15.73,3.09
"145",0.2,6,35,4.28,25.95,16.06,2.82
"146",0.2,6,40,4.18,27.19,16.59,2.74
"147",0.2,6,45,3.93,30.38,17.93,2.47
"148",0.2,6,50,3.99,26.07,15.55,2.56
"149",0.2,6,55,4.09,28.01,16.2,2.53
"150",0.2,6,60,3.82,28.72,16.63,2.34
"151",0.2,7,15,6.13,14.22,11.41,5.08
"152",0.2,7,20,5.54,19.02,14.3,4.53
"153",0.2,7,25,5.14,21.65,15.15,3.99
"154",0.2,7,30,4.86,25.5,17.03,3.56
"155",0.2,7,35,4.71,26.42,17.4,3.5
"156",0.2,7,40,4.54,27.21,17.31,3.35
"157",0.2,7,45,4.19,29.94,18.16,2.87
"158",0.2,7,50,4.33,30.91,18.94,3.02
"159",0.2,7,55,4.2,31.31,19.04,2.96
"160",0.2,7,60,4.25,30.71,18.4,2.9
"161",0.2,8,15,7.34,14.76,12.54,6.31
"162",0.2,8,20,6.73,19.11,14.98,5.71
"163",0.2,8,25,6.48,23.53,17.53,5.28
"164",0.2,8,30,5.74,27.07,19.03,4.58
"165",0.2,8,35,5.23,28.98,19.14,3.78
"166",0.2,8,40,5.1,31.81,20.6,3.74
"167",0.2,8,45,5,32.67,20.42,3.5
"168",0.2,8,50,4.75,33.41,20.4,3.19
"169",0.2,8,55,4.78,35.1,21.39,3.26
"170",0.2,8,60,4.72,36.75,22.08,3.28
"171",0.2,9,15,8.4,14.65,12.71,7.37
"172",0.2,9,20,7.69,19.08,15.65,6.83
"173",0.2,9,25,6.76,24,18.17,5.73
"174",0.2,9,30,6.58,27.62,20.15,5.57
"175",0.2,9,35,5.82,30.23,20.89,4.81
"176",0.2,9,40,5.64,32.25,21.5,4.45
"177",0.2,9,45,5.25,33.96,21.86,4.02
"178",0.2,9,50,5.16,34.82,21.92,3.77
"179",0.2,9,55,5.05,37.23,23.24,3.84
"180",0.2,9,60,4.79,38.55,23.52,3.53
"181",0.2,10,15,9.36,14.64,12.78,8.34
"182",0.2,10,20,8.63,18.86,16.11,7.74
"183",0.2,10,25,8.21,23.99,19.03,7.2
"184",0.2,10,30,7.39,27.91,21.03,6.25
"185",0.2,10,35,7.09,32.77,23.45,5.84
"186",0.2,10,40,6.63,34.55,24.2,5.43
"187",0.2,10,45,5.89,38.24,24.56,4.4
"188",0.2,10,50,5.6,38.33,23.93,4.14
"189",0.2,10,55,5.66,40.87,26.08,4.29
"190",0.2,10,60,5.66,41.32,25.85,4.1
"191",0.2,11,15,10.65,14.74,13.23,9.64
"192",0.2,11,20,9.97,19.77,17.17,8.92
"193",0.2,11,25,8.86,24.14,19.57,8.05
"194",0.2,11,30,8.51,28.79,22.82,7.66
"195",0.2,11,35,7.48,32.49,24,6.64
"196",0.2,11,40,7.11,35.69,25.34,6.11
"197",0.2,11,45,6.68,39.55,27.34,5.66
"198",0.2,11,50,5.98,40.27,26.23,4.84
"199",0.2,11,55,6.02,43.32,27.9,4.75
"200",0.2,11,60,5.97,43.03,27.24,4.6
"201",0.3,2,15,2,4.84,2.92,1
"202",0.3,2,20,2,5.3,3.15,1
"203",0.3,2,25,2,5.66,3.33,1
"204",0.3,2,30,2,5.92,3.46,1
"205",0.3,2,35,2,5.48,3.24,1
"206",0.3,2,40,2,6.74,3.87,1
"207",0.3,2,45,2,6.52,3.76,1
"208",0.3,2,50,2,6.26,3.63,1
"209",0.3,2,55,2,5.42,3.21,1
"210",0.3,2,60,2,5.66,3.33,1
"211",0.3,3,15,2.57,8.36,5.29,1.57
"212",0.3,3,20,2.57,8.22,5.2,1.57
"213",0.3,3,25,2.49,8.21,5.11,1.49
"214",0.3,3,30,2.43,8.91,5.41,1.43
"215",0.3,3,35,2.43,9.32,5.53,1.43
"216",0.3,3,40,2.55,9.4,5.79,1.55
"217",0.3,3,45,2.39,9.69,5.77,1.39
"218",0.3,3,50,2.49,9.45,5.77,1.49
"219",0.3,3,55,2.43,8.26,5.07,1.43
"220",0.3,3,60,2.48,8.27,5.02,1.48
"221",0.3,4,15,3.27,11.15,7.05,2.04
"222",0.3,4,20,3.17,11.44,7.16,1.98
"223",0.3,4,25,3.18,13.38,8.06,1.89
"224",0.3,4,30,3.15,13.51,7.98,1.86
"225",0.3,4,35,3.11,13.33,7.82,1.78
"226",0.3,4,40,3.08,12.99,7.78,1.85
"227",0.3,4,45,3.19,12.15,7.27,1.85
"228",0.3,4,50,3.18,12.38,7.36,1.88
"229",0.3,4,55,3.14,13.96,8.27,1.81
"230",0.3,4,60,3.16,13.44,7.94,1.84
"231",0.3,5,15,3.87,12.02,8.36,2.77
"232",0.3,5,20,3.68,13.6,8.79,2.42
"233",0.3,5,25,3.57,15.25,9.57,2.43
"234",0.3,5,30,3.53,14.81,9.11,2.28
"235",0.3,5,35,3.47,14.29,8.85,2.16
"236",0.3,5,40,3.52,16.09,9.93,2.32
"237",0.3,5,45,3.44,15.32,9.3,2.16
"238",0.3,5,50,3.52,15.68,9.4,2.2
"239",0.3,5,55,3.48,16.48,9.88,2.17
"240",0.3,5,60,3.45,15.32,9.3,2.18
"241",0.3,6,15,5,13.39,9.73,3.8
"242",0.3,6,20,4.57,15.96,10.78,3.37
"243",0.3,6,25,4.27,18,11.37,2.77
"244",0.3,6,30,4.17,18.61,11.53,2.75
"245",0.3,6,35,4.07,19.63,11.99,2.56
"246",0.3,6,40,4.11,20.48,12.36,2.54
"247",0.3,6,45,4.18,19.95,12,2.61
"248",0.3,6,50,4.1,21.05,12.57,2.52
"249",0.3,6,55,4.13,20.32,12.04,2.53
"250",0.3,6,60,4.27,20.13,12.16,2.67
"251",0.3,7,15,5.82,13.65,10.67,4.69
"252",0.3,7,20,5.13,17.56,12.48,3.94
"253",0.3,7,25,4.84,20.17,13.33,3.56
"254",0.3,7,30,4.52,20.72,13.22,3.07
"255",0.3,7,35,4.45,21.75,13.81,3.14
"256",0.3,7,40,4.48,22.4,14.16,3.11
"257",0.3,7,45,4.57,22.98,14.53,3.14
"258",0.3,7,50,4.47,22.98,14.31,3.08
"259",0.3,7,55,4.35,24.32,14.84,2.91
"260",0.3,7,60,4.42,22.78,14.05,2.98
"261",0.3,8,15,6.98,14.56,12.04,5.96
"262",0.3,8,20,6.33,17.84,13.27,5.07
"263",0.3,8,25,5.77,21.1,14.74,4.38
"264",0.3,8,30,5.57,23.75,15.7,4.03
"265",0.3,8,35,5.19,24.34,15.52,3.51
"266",0.3,8,40,5.07,26,16.17,3.38
"267",0.3,8,45,4.83,26.6,16.25,3.26
"268",0.3,8,50,4.87,25.88,15.81,3.2
"269",0.3,8,55,5.14,26.3,16.34,3.49
"270",0.3,8,60,5.17,27.01,16.53,3.35
"271",0.3,9,15,8.03,14.45,12.13,7.03
"272",0.3,9,20,7.23,18.2,14.3,6.23
"273",0.3,9,25,6.45,22.29,16.15,5.37
"274",0.3,9,30,6.1,23.93,16.38,4.61
"275",0.3,9,35,5.52,26.45,17.21,4.1
"276",0.3,9,40,5.32,27.51,17.45,3.74
"277",0.3,9,45,5.16,27.35,17.43,3.94
"278",0.3,9,50,5.31,29.21,18.66,3.97
"279",0.3,9,55,5.28,28.39,17.83,3.82
"280",0.3,9,60,5.21,28.94,17.88,3.65
"281",0.3,10,15,9.33,14.62,12.48,8.25
"282",0.3,10,20,8.33,18.57,15.3,7.39
"283",0.3,10,25,7.51,23.04,17.07,6.29
"284",0.3,10,30,6.69,26.03,18.15,5.27
"285",0.3,10,35,6.46,29.48,19.82,4.99
"286",0.3,10,40,5.85,29.23,19,4.34
"287",0.3,10,45,5.83,31.09,19.61,4.21
"288",0.3,10,50,5.9,31.19,19.89,4.21
"289",0.3,10,55,5.57,32.63,20.27,3.86
"290",0.3,10,60,5.8,32.56,20.4,4.12
"291",0.3,11,15,10.42,14.64,12.71,9.3
"292",0.3,11,20,9.33,19.63,16.45,8.28
"293",0.3,11,25,8.32,23.1,18.09,7.43
"294",0.3,11,30,7.39,27.25,19.75,6.33
"295",0.3,11,35,6.99,30.26,21.24,5.86
"296",0.3,11,40,6.62,31.71,21.26,5.11
"297",0.3,11,45,6.6,32.06,21.58,5.29
"298",0.3,11,50,6.17,34.16,21.85,4.77
"299",0.3,11,55,6.33,36.53,23.27,4.77
"300",0.3,11,60,6.22,34.21,21.86,4.63
"301",0.4,2,15,2,4.32,2.66,1
"302",0.4,2,20,2,4.02,2.51,1
"303",0.4,2,25,2,4.36,2.68,1
"304",0.4,2,30,2,3.3,2.15,1
"305",0.4,2,35,2,3.54,2.27,1
"306",0.4,2,40,2,3.24,2.12,1
"307",0.4,2,45,2,3.52,2.26,1
"308",0.4,2,50,2,3.78,2.39,1
"309",0.4,2,55,2,3.98,2.49,1
"310",0.4,2,60,2,3.84,2.42,1
"311",0.4,3,15,2.51,6.35,4.07,1.51
"312",0.4,3,20,2.6,7.13,4.57,1.6
"313",0.4,3,25,2.51,5.9,3.82,1.51
"314",0.4,3,30,2.58,6.83,4.39,1.58
"315",0.4,3,35,2.51,6.51,4.15,1.51
"316",0.4,3,40,2.41,6.85,4.24,1.41
"317",0.4,3,45,2.45,6.87,4.29,1.45
"318",0.4,3,50,2.55,6.44,4.17,1.55
"319",0.4,3,55,2.49,6.29,3.98,1.49
"320",0.4,3,60,2.52,7.05,4.43,1.52
"321",0.4,4,15,3.3,9.37,6.06,2.13
"322",0.4,4,20,3.21,10,6.26,1.95
"323",0.4,4,25,3.29,9.52,5.9,1.98
"324",0.4,4,30,3.27,10.36,6.36,1.99
"325",0.4,4,35,3.4,10.36,6.57,2.12
"326",0.4,4,40,3.29,10.24,6.34,2.01
"327",0.4,4,45,3.17,11.5,6.96,1.92
"328",0.4,4,50,3.26,10.45,6.4,1.95
"329",0.4,4,55,3.22,10.41,6.38,1.92
"330",0.4,4,60,3.17,10.28,6.29,1.86
"331",0.4,5,15,3.93,10.95,7.41,2.66
"332",0.4,5,20,3.7,11.89,7.62,2.4
"333",0.4,5,25,3.6,12.88,8.06,2.31
"334",0.4,5,30,3.65,13.64,8.61,2.28
"335",0.4,5,35,3.71,12.57,7.91,2.39
"336",0.4,5,40,3.69,11.7,7.37,2.31
"337",0.4,5,45,3.73,11.84,7.52,2.39
"338",0.4,5,50,3.6,12.41,7.79,2.32
"339",0.4,5,55,3.5,12.63,7.82,2.17
"340",0.4,5,60,3.64,13.49,8.36,2.4
"341",0.4,6,15,4.81,12.58,8.81,3.5
"342",0.4,6,20,4.51,14.15,9.08,3
"343",0.4,6,25,4.57,15.94,10.23,3.1
"344",0.4,6,30,4.3,15.37,9.76,2.85
"345",0.4,6,35,4.25,16.28,10.1,2.75
"346",0.4,6,40,4.29,15.89,9.92,2.78
"347",0.4,6,45,4.26,15.76,9.77,2.57
"348",0.4,6,50,4.28,15.83,9.78,2.67
"349",0.4,6,55,4.33,15.04,9.4,2.7
"350",0.4,6,60,4.27,15.89,9.78,2.61
"351",0.4,7,15,5.66,13.46,10.07,4.48
"352",0.4,7,20,5.03,15.71,10.53,3.42
"353",0.4,7,25,4.78,16.83,11.05,3.33
"354",0.4,7,30,4.75,18.19,11.51,3.07
"355",0.4,7,35,4.62,18.65,11.74,3.03
"356",0.4,7,40,4.85,17.58,11.15,3.21
"357",0.4,7,45,4.72,18.94,12.05,3.19
"358",0.4,7,50,4.74,17.95,11.4,2.95
"359",0.4,7,55,4.58,18.56,11.7,3.1
"360",0.4,7,60,4.89,18.36,11.69,3.26
"361",0.4,8,15,6.72,14.3,11.39,5.62
"362",0.4,8,20,6.03,17.32,12.36,4.59
"363",0.4,8,25,5.36,20.05,13.31,3.9
"364",0.4,8,30,5.47,20.03,13.02,3.69
"365",0.4,8,35,5.39,21.38,13.44,3.48
"366",0.4,8,40,5.41,20.74,13.23,3.66
"367",0.4,8,45,5.39,20.63,13.13,3.45
"368",0.4,8,50,5.38,20.75,13.2,3.55
"369",0.4,8,55,5.39,21.22,13.39,3.61
"370",0.4,8,60,5.34,20.1,12.98,3.74
"371",0.4,9,15,7.91,14.25,11.47,6.67
"372",0.4,9,20,6.99,17.77,13.37,5.65
"373",0.4,9,25,6.3,20.93,14.73,4.8
"374",0.4,9,30,5.92,21.82,14.79,4.31
"375",0.4,9,35,5.86,23.65,15.46,4.2
"376",0.4,9,40,5.72,23.12,14.99,3.95
"377",0.4,9,45,5.74,25.24,16.01,4.08
"378",0.4,9,50,5.66,23.56,15.09,3.92
"379",0.4,9,55,5.53,23.26,14.8,3.82
"380",0.4,9,60,5.72,24.44,15.45,3.88
"381",0.4,10,15,9.18,14.4,12.1,8.05
"382",0.4,10,20,7.84,18.46,14.64,6.7
"383",0.4,10,25,7.35,22,15.76,5.72
"384",0.4,10,30,6.7,23.97,16.22,4.87
"385",0.4,10,35,6.39,26.02,16.98,4.48
"386",0.4,10,40,6.19,25.72,16.61,4.32
"387",0.4,10,45,6.31,27.71,17.83,4.42
"388",0.4,10,50,6.37,25.19,16.02,4.18
"389",0.4,10,55,6.06,26.93,17.18,4.11
"390",0.4,10,60,6.36,26.72,17.09,4.33
"391",0.4,11,15,10.4,14.27,12.34,9.23
"392",0.4,11,20,8.67,19.3,15.18,7.46
"393",0.4,11,25,7.96,23.07,17.13,6.7
"394",0.4,11,30,7.1,25.46,17.91,5.77
"395",0.4,11,35,6.97,27.23,18.49,5.29
"396",0.4,11,40,6.53,28.68,18.79,4.83
"397",0.4,11,45,7.01,28.41,18.61,5.14
"398",0.4,11,50,6.66,28.56,18.4,4.77
"399",0.4,11,55,6.68,29.09,18.63,4.74
"400",0.4,11,60,6.85,27.96,18.13,4.76
"401",0.5,2,15,2,3.54,2.27,1
"402",0.5,2,20,2,3.04,2.02,1
"403",0.5,2,25,2,2.66,1.83,1
"404",0.5,2,30,2,3.1,2.05,1
"405",0.5,2,35,2,3,2,1
"406",0.5,2,40,2,2.96,1.98,1
"407",0.5,2,45,2,3.06,2.03,1
"408",0.5,2,50,2,3.56,2.28,1
"409",0.5,2,55,2,2.62,1.81,1
"410",0.5,2,60,2,3.54,2.27,1
"411",0.5,3,15,2.62,5.25,3.53,1.62
"412",0.5,3,20,2.53,5.16,3.44,1.53
"413",0.5,3,25,2.55,5.78,3.72,1.55
"414",0.5,3,30,2.65,5.09,3.48,1.65
"415",0.5,3,35,2.59,5.33,3.56,1.59
"416",0.5,3,40,2.6,5.28,3.48,1.6
"417",0.5,3,45,2.59,5.25,3.48,1.59
"418",0.5,3,50,2.59,5.12,3.47,1.59
"419",0.5,3,55,2.54,5.45,3.61,1.54
"420",0.5,3,60,2.58,5.75,3.76,1.58
"421",0.5,4,15,3.49,7.54,5.13,2.32
"422",0.5,4,20,3.35,7.81,5.1,2.07
"423",0.5,4,25,3.33,7.7,5.07,2.11
"424",0.5,4,30,3.33,8.44,5.39,2.05
"425",0.5,4,35,3.15,8.18,5.13,1.86
"426",0.5,4,40,3.36,7.57,4.95,2.08
"427",0.5,4,45,3.23,7.78,4.99,1.92
"428",0.5,4,50,3.32,8.21,5.23,2.02
"429",0.5,4,55,3.34,8.46,5.38,2.05
"430",0.5,4,60,3.36,8.17,5.27,2.06
"431",0.5,5,15,4.09,9.37,6.35,2.6
"432",0.5,5,20,3.82,10.45,6.82,2.42
"433",0.5,5,25,3.89,10.08,6.59,2.48
"434",0.5,5,30,3.81,10.37,6.78,2.48
"435",0.5,5,35,3.94,10.08,6.68,2.52
"436",0.5,5,40,3.87,10.49,6.86,2.5
"437",0.5,5,45,3.89,9.94,6.45,2.43
"438",0.5,5,50,3.75,10.58,6.86,2.47
"439",0.5,5,55,3.71,11.28,7.26,2.31
"440",0.5,5,60,3.82,10.73,6.97,2.49
"441",0.5,6,15,4.76,11.14,7.78,3.37
"442",0.5,6,20,4.58,12.81,8.32,2.96
"443",0.5,6,25,4.58,12.7,8.21,2.9
"444",0.5,6,30,4.55,12.8,8.29,2.95
"445",0.5,6,35,4.59,13.89,8.82,2.91
"446",0.5,6,40,4.6,12.86,8.46,3.02
"447",0.5,6,45,4.44,13.85,8.92,2.91
"448",0.5,6,50,4.45,13.53,8.62,2.74
"449",0.5,6,55,4.53,13.64,8.64,2.81
"450",0.5,6,60,4.58,13.25,8.5,2.92
"451",0.5,7,15,5.45,12.63,9.17,4.11
"452",0.5,7,20,5.03,14.46,9.56,3.39
"453",0.5,7,25,5.23,14.63,9.57,3.27
"454",0.5,7,30,4.92,15.26,9.9,3.2
"455",0.5,7,35,4.99,15.69,10.13,3.14
"456",0.5,7,40,4.99,15.63,10.04,3.11
"457",0.5,7,45,4.97,14.95,9.83,3.28
"458",0.5,7,50,5.09,15.23,9.93,3.35
"459",0.5,7,55,4.94,15.69,10.16,3.2
"460",0.5,7,60,5.05,14.64,9.52,3.22
"461",0.5,8,15,6.44,14.16,10.72,5.09
"462",0.5,8,20,6.15,16.08,11.24,4.33
"463",0.5,8,25,5.81,17.26,11.43,3.91
"464",0.5,8,30,5.71,17.46,11.43,3.75
"465",0.5,8,35,5.53,17.92,11.58,3.6
"466",0.5,8,40,5.56,17.57,11.3,3.58
"467",0.5,8,45,5.74,17.72,11.54,3.86
"468",0.5,8,50,5.61,17.45,11.39,3.69
"469",0.5,8,55,5.59,17.52,11.35,3.71
"470",0.5,8,60,5.64,18.33,11.6,3.4
"471",0.5,9,15,7.66,14.14,11.11,6.3
"472",0.5,9,20,6.75,17.1,12.33,5.06
"473",0.5,9,25,6.24,18.89,12.95,4.51
"474",0.5,9,30,6.04,20.19,13.48,4.35
"475",0.5,9,35,6.06,20.17,13.27,4.11
"476",0.5,9,40,6.13,20.39,13.31,4.08
"477",0.5,9,45,6.1,19.36,12.78,4.13
"478",0.5,9,50,6.18,19.55,12.9,4.21
"479",0.5,9,55,6.25,20.23,13.35,4.15
"480",0.5,9,60,6.27,20.12,13.21,4.15
"481",0.5,10,15,9.14,14.01,11.53,7.91
"482",0.5,10,20,7.74,17.81,13.5,6.31
"483",0.5,10,25,7.13,20.17,13.93,5.02
"484",0.5,10,30,6.85,21.91,14.7,4.66
"485",0.5,10,35,6.62,23.59,15.23,4.26
"486",0.5,10,40,6.69,22.55,14.7,4.48
"487",0.5,10,45,6.63,22.38,15.02,4.78
"488",0.5,10,50,6.99,23.2,14.91,4.41
"489",0.5,10,55,6.88,22.66,14.72,4.48
"490",0.5,10,60,6.9,23.41,15.11,4.44
"491",0.5,11,15,10.29,13.99,11.97,9.12
"492",0.5,11,20,8.6,19.14,14.63,7.05
"493",0.5,11,25,7.9,21.88,15.79,6.08
"494",0.5,11,30,7.3,23.9,16.37,5.3
"495",0.5,11,35,7.13,23.76,16.14,5.13
"496",0.5,11,40,7.3,23.92,16.19,5.24
"497",0.5,11,45,7.23,25.38,16.23,4.48
"498",0.5,11,50,7.31,24.03,15.85,4.9
"499",0.5,11,55,7.17,26.4,17.1,4.7
"500",0.5,11,60,7.26,24.57,16.21,4.96
"501",0.6,2,15,2,2.18,1.59,1
"502",0.6,2,20,2,2.42,1.71,1
"503",0.6,2,25,2,2.2,1.6,1
"504",0.6,2,30,2,2.86,1.93,1
"505",0.6,2,35,2,2.28,1.64,1
"506",0.6,2,40,2,2.3,1.65,1
"507",0.6,2,45,2,2.36,1.68,1
"508",0.6,2,50,2,2.22,1.61,1
"509",0.6,2,55,2,2.56,1.78,1
"510",0.6,2,60,2,2.26,1.63,1
"511",0.6,3,15,2.67,4.27,3.04,1.67
"512",0.6,3,20,2.63,4.38,3.05,1.63
"513",0.6,3,25,2.65,4.75,3.27,1.65
"514",0.6,3,30,2.6,4.66,3.21,1.6
"515",0.6,3,35,2.63,4.57,3.16,1.63
"516",0.6,3,40,2.59,4.65,3.18,1.59
"517",0.6,3,45,2.58,4.5,3.11,1.58
"518",0.6,3,50,2.68,4.27,3.04,1.68
"519",0.6,3,55,2.66,4.69,3.27,1.66
"520",0.6,3,60,2.62,4.77,3.26,1.62
"521",0.6,4,15,3.41,6.57,4.45,2.16
"522",0.6,4,20,3.46,6.73,4.58,2.2
"523",0.6,4,25,3.45,6.96,4.71,2.24
"524",0.6,4,30,3.43,6.68,4.54,2.2
"525",0.6,4,35,3.35,8.08,5.18,2.03
"526",0.6,4,40,3.43,6.64,4.48,2.15
"527",0.6,4,45,3.43,6.87,4.61,2.14
"528",0.6,4,50,3.49,6.75,4.6,2.25
"529",0.6,4,55,3.34,6.75,4.5,2.09
"530",0.6,4,60,3.38,7.32,4.85,2.13
"531",0.6,5,15,4.19,8.37,5.74,2.67
"532",0.6,5,20,4.03,9.04,6.13,2.61
"533",0.6,5,25,4.07,8.79,5.96,2.65
"534",0.6,5,30,4.05,8.71,5.94,2.76
"535",0.6,5,35,4.19,8.36,5.82,2.83
"536",0.6,5,40,3.99,9.21,6.07,2.42
"537",0.6,5,45,4.04,8.87,5.94,2.58
"538",0.6,5,50,4.06,8.91,5.97,2.63
"539",0.6,5,55,4.01,8.99,5.94,2.46
"540",0.6,5,60,4.03,9.21,6.13,2.62
"541",0.6,6,15,4.88,10.31,7.06,3.16
"542",0.6,6,20,4.66,11.24,7.55,3.09
"543",0.6,6,25,4.73,11.39,7.54,3.04
"544",0.6,6,30,4.63,11.47,7.55,2.96
"545",0.6,6,35,4.74,11.21,7.51,3.08
"546",0.6,6,40,4.75,11.34,7.39,2.91
"547",0.6,6,45,4.83,11.28,7.43,3.03
"548",0.6,6,50,4.69,11.2,7.44,2.99
"549",0.6,6,55,4.73,11.99,7.7,2.83
"550",0.6,6,60,4.74,11.52,7.61,3.09
"551",0.6,7,15,5.58,12.36,8.59,3.74
"552",0.6,7,20,5.26,13.67,8.75,2.98
"553",0.6,7,25,5.2,13.42,8.88,3.33
"554",0.6,7,30,5.46,13.35,8.64,3.28
"555",0.6,7,35,5.24,13.44,8.9,3.24
"556",0.6,7,40,5.33,13.16,8.86,3.53
"557",0.6,7,45,5.28,13.63,8.88,3.27
"558",0.6,7,50,5.39,13.28,8.92,3.49
"559",0.6,7,55,5.44,13.09,8.8,3.58
"560",0.6,7,60,5.42,13.1,8.73,3.52
"561",0.6,8,15,6.29,13.16,9.68,4.77
"562",0.6,8,20,6.1,15.29,10.65,4.36
"563",0.6,8,25,6.05,15.28,10.15,3.85
"564",0.6,8,30,6.01,16.16,10.59,3.79
"565",0.6,8,35,6,15.89,10.48,3.87
"566",0.6,8,40,6.08,15.7,10.19,3.61
"567",0.6,8,45,6.12,15.9,10.3,3.61
"568",0.6,8,50,5.94,15.94,10.37,3.79
"569",0.6,8,55,5.72,16.06,10.56,3.6
"570",0.6,8,60,6.14,14.98,10.17,4.16
"571",0.6,9,15,7.72,13.62,10.41,6.07
"572",0.6,9,20,7.04,16.13,11.33,4.82
"573",0.6,9,25,6.65,17.92,11.75,4.09
"574",0.6,9,30,6.74,17.41,11.62,4.44
"575",0.6,9,35,6.64,17.89,11.94,4.33
"576",0.6,9,40,6.44,17.7,11.9,4.41
"577",0.6,9,45,6.49,18.26,12.11,4.23
"578",0.6,9,50,6.56,18.36,12.11,4.19
"579",0.6,9,55,6.51,18.28,12,4.09
"580",0.6,9,60,6.64,17.82,11.98,4.45
"581",0.6,10,15,9.07,13.69,11.2,7.73
"582",0.6,10,20,7.88,17.29,12.58,5.9
"583",0.6,10,25,7.35,18.76,12.9,4.94
"584",0.6,10,30,7.27,19.33,13.09,4.8
"585",0.6,10,35,7.39,18.96,12.68,4.76
"586",0.6,10,40,7.14,20.03,13.29,4.62
"587",0.6,10,45,7.38,19.54,13.06,4.8
"588",0.6,10,50,7.14,19.89,13.19,4.59
"589",0.6,10,55,7.25,20.33,13.23,4.32
"590",0.6,10,60,7.42,20.05,13.33,4.6
"591",0.6,11,15,10.33,13.64,11.66,9.09
"592",0.6,11,20,8.91,18.19,13.49,6.76
"593",0.6,11,25,8.32,20.63,14.42,5.76
"594",0.6,11,30,7.93,21.79,14.63,5.18
"595",0.6,11,35,8.01,21.85,14.46,4.89
"596",0.6,11,40,8.08,21.37,14.34,5.27
"597",0.6,11,45,8.01,21.45,14.18,4.89
"598",0.6,11,50,7.97,22.32,14.42,4.59
"599",0.6,11,55,7.94,21.2,14.19,4.97
"600",0.6,11,60,7.94,21.48,14.36,5.01
"601",0.7,2,15,2,1.8,1.4,1
"602",0.7,2,20,2,1.9,1.45,1
"603",0.7,2,25,2,1.74,1.37,1
"604",0.7,2,30,2,2.1,1.55,1
"605",0.7,2,35,2,1.96,1.48,1
"606",0.7,2,40,2,2.14,1.57,1
"607",0.7,2,45,2,1.78,1.39,1
"608",0.7,2,50,2,1.7,1.35,1
"609",0.7,2,55,2,1.82,1.41,1
"610",0.7,2,60,2,1.82,1.41,1
"611",0.7,3,15,2.7,3.78,2.78,1.7
"612",0.7,3,20,2.78,3.4,2.63,1.78
"613",0.7,3,25,2.68,3.76,2.75,1.68
"614",0.7,3,30,2.74,3.53,2.67,1.74
"615",0.7,3,35,2.72,3.69,2.73,1.72
"616",0.7,3,40,2.71,3.69,2.74,1.71
"617",0.7,3,45,2.63,3.82,2.76,1.63
"618",0.7,3,50,2.7,3.66,2.71,1.7
"619",0.7,3,55,2.73,3.77,2.8,1.73
"620",0.7,3,60,2.71,3.71,2.75,1.71
"621",0.7,4,15,3.67,5.16,3.9,2.52
"622",0.7,4,20,3.55,5.68,4.08,2.38
"623",0.7,4,25,3.65,5.26,3.94,2.51
"624",0.7,4,30,3.55,5.8,4.12,2.3
"625",0.7,4,35,3.59,5.67,4.08,2.39
"626",0.7,4,40,3.56,5.53,4.03,2.36
"627",0.7,4,45,3.58,5.61,4.03,2.37
"628",0.7,4,50,3.55,5.66,4.03,2.29
"629",0.7,4,55,3.48,5.67,4.01,2.25
"630",0.7,4,60,3.56,5.72,4.15,2.42
"631",0.7,5,15,4.1,8.05,5.47,2.57
"632",0.7,5,20,4.16,7.7,5.36,2.71
"633",0.7,5,25,4.23,7.82,5.4,2.72
"634",0.7,5,30,4.18,8.05,5.49,2.65
"635",0.7,5,35,4.31,7.5,5.37,2.96
"636",0.7,5,40,4.21,8.08,5.5,2.65
"637",0.7,5,45,4.25,7.39,5.23,2.82
"638",0.7,5,50,4.29,7.35,5.18,2.8
"639",0.7,5,55,4.27,7.55,5.4,2.92
"640",0.7,5,60,4.21,7.96,5.37,2.57
"641",0.7,6,15,5.07,9.14,6.52,3.53
"642",0.7,6,20,4.96,9.9,6.69,3.18
"643",0.7,6,25,5.05,9.62,6.55,3.18
"644",0.7,6,30,4.94,9.78,6.7,3.33
"645",0.7,6,35,5.04,9.63,6.66,3.29
"646",0.7,6,40,4.98,9.7,6.6,3.19
"647",0.7,6,45,5.05,9.54,6.7,3.48
"648",0.7,6,50,5.01,9.85,6.78,3.27
"649",0.7,6,55,5.04,9.75,6.8,3.42
"650",0.7,6,60,5.05,9.99,6.69,3.09
"651",0.7,7,15,5.85,11.52,7.79,3.59
"652",0.7,7,20,5.73,11.45,7.95,3.81
"653",0.7,7,25,5.83,11.39,7.97,3.96
"654",0.7,7,30,5.63,11.98,8.11,3.5
"655",0.7,7,35,5.85,11.03,7.78,3.91
"656",0.7,7,40,5.71,11.73,8.15,3.93
"657",0.7,7,45,5.7,11.43,8.01,3.99
"658",0.7,7,50,5.55,11.9,8.13,3.64
"659",0.7,7,55,5.57,12.35,8.12,3.34
"660",0.7,7,60,5.59,12.05,8.23,3.73
"661",0.7,8,15,6.78,12.43,8.99,4.76
"662",0.7,8,20,6.61,13.33,8.99,4.02
"663",0.7,8,25,6.47,13.79,9.3,4.05
"664",0.7,8,30,6.52,13.33,9.03,4.17
"665",0.7,8,35,6.42,14.1,9.52,4.05
"666",0.7,8,40,6.4,14.02,9.59,4.4
"667",0.7,8,45,6.48,13.49,9.12,4.11
"668",0.7,8,50,6.51,13.93,9.35,4.05
"669",0.7,8,55,6.26,13.78,9.38,4.06
"670",0.7,8,60,6.44,13.36,9.11,4.13
"671",0.7,9,15,7.77,13.07,9.94,5.96
"672",0.7,9,20,7.23,15.44,10.7,4.69
"673",0.7,9,25,7.3,16.09,10.78,4.52
"674",0.7,9,30,7.21,15.93,10.66,4.55
"675",0.7,9,35,6.93,15.83,10.78,4.54
"676",0.7,9,40,7.09,16.11,10.58,4.16
"677",0.7,9,45,7.1,15.91,10.55,4.21
"678",0.7,9,50,7.04,16.03,10.78,4.5
"679",0.7,9,55,7.15,15.51,10.62,4.6
"680",0.7,9,60,7.02,15.97,10.55,4.11
"681",0.7,10,15,9.08,12.91,10.61,7.66
"682",0.7,10,20,8.11,16.81,11.7,5.35
"683",0.7,10,25,7.77,18.01,11.97,4.67
"684",0.7,10,30,8.05,18.04,11.92,4.9
"685",0.7,10,35,7.84,17.44,11.76,4.89
"686",0.7,10,40,8.02,17.29,11.71,4.95
"687",0.7,10,45,7.89,18.12,12.13,4.88
"688",0.7,10,50,7.66,18.33,12.13,4.72
"689",0.7,10,55,7.88,17.38,11.85,5.07
"690",0.7,10,60,7.77,18.03,11.73,4.39
"691",0.7,11,15,10.42,12.93,11.24,9.22
"692",0.7,11,20,9.24,17.58,12.63,6.57
"693",0.7,11,25,8.45,19.74,13.27,5.18
"694",0.7,11,30,8.66,19.56,13.11,5.14
"695",0.7,11,35,8.53,20.29,13.42,5.01
"696",0.7,11,40,8.58,19.98,13.19,4.98
"697",0.7,11,45,8.62,19.88,13.15,5.11
"698",0.7,11,50,8.53,20.14,13.31,5.06
"699",0.7,11,55,8.61,19.06,13.06,5.6
"700",0.7,11,60,8.7,19.56,13.09,5.26
"701",0.8,2,15,2,1.44,1.22,1
"702",0.8,2,20,2,1.3,1.15,1
"703",0.8,2,25,2,1.62,1.31,1
"704",0.8,2,30,2,1.5,1.25,1
"705",0.8,2,35,2,1.82,1.41,1
"706",0.8,2,40,2,1.34,1.17,1
"707",0.8,2,45,2,1.4,1.2,1
"708",0.8,2,50,2,1.46,1.23,1
"709",0.8,2,55,2,1.44,1.22,1
"710",0.8,2,60,2,1.52,1.26,1
"711",0.8,3,15,2.86,2.93,2.42,1.86
"712",0.8,3,20,2.78,3.06,2.44,1.78
"713",0.8,3,25,2.8,3.11,2.47,1.8
"714",0.8,3,30,2.82,3.21,2.54,1.82
"715",0.8,3,35,2.81,3.14,2.51,1.81
"716",0.8,3,40,2.75,3.46,2.63,1.75
"717",0.8,3,45,2.82,2.91,2.38,1.82
"718",0.8,3,50,2.85,2.85,2.35,1.85
"719",0.8,3,55,2.84,2.83,2.34,1.84
"720",0.8,3,60,2.81,2.99,2.41,1.81
"721",0.8,4,15,3.71,4.8,3.71,2.56
"722",0.8,4,20,3.73,4.68,3.67,2.6
"723",0.8,4,25,3.65,4.81,3.71,2.52
"724",0.8,4,30,3.64,4.86,3.69,2.45
"725",0.8,4,35,3.64,4.76,3.64,2.49
"726",0.8,4,40,3.65,4.73,3.62,2.47
"727",0.8,4,45,3.66,4.88,3.73,2.51
"728",0.8,4,50,3.63,4.87,3.7,2.46
"729",0.8,4,55,3.66,4.88,3.67,2.41
"730",0.8,4,60,3.71,4.38,3.49,2.57
"731",0.8,5,15,4.45,6.56,4.96,3.13
"732",0.8,5,20,4.51,6.28,4.85,3.24
"733",0.8,5,25,4.5,6.3,4.75,3.1
"734",0.8,5,30,4.49,6.28,4.7,3.04
"735",0.8,5,35,4.49,6.46,4.83,3.07
"736",0.8,5,40,4.43,6.65,4.91,3.04
"737",0.8,5,45,4.44,6.41,4.83,3.1
"738",0.8,5,50,4.41,6.72,4.94,3
"739",0.8,5,55,4.44,6.4,4.84,3.1
"740",0.8,5,60,4.45,6.63,4.86,2.96
"741",0.8,6,15,5.34,8.65,6.2,3.55
"742",0.8,6,20,5.36,8.22,6.1,3.77
"743",0.8,6,25,5.41,7.94,5.91,3.78
"744",0.8,6,30,5.28,8.27,6.06,3.68
"745",0.8,6,35,5.31,8.21,5.95,3.57
"746",0.8,6,40,5.22,8.59,6.09,3.41
"747",0.8,6,45,5.39,7.97,6.01,3.91
"748",0.8,6,50,5.31,8.5,6.2,3.69
"749",0.8,6,55,5.32,7.94,5.94,3.78
"750",0.8,6,60,5.3,8.32,6.03,3.61
"751",0.8,7,15,6.14,9.83,7.19,4.29
"752",0.8,7,20,6.15,10,7.2,4.17
"753",0.8,7,25,6.09,10.03,7.24,4.14
"754",0.8,7,30,6.15,9.98,7.11,4
"755",0.8,7,35,6.01,10.29,7.3,3.97
"756",0.8,7,40,6.1,9.99,7.2,4.17
"757",0.8,7,45,6.06,9.87,7.25,4.25
"758",0.8,7,50,5.98,10.43,7.36,3.91
"759",0.8,7,55,6.11,10.14,7.26,4.14
"760",0.8,7,60,6.07,9.83,7.14,4.19
"761",0.8,8,15,6.92,11.93,8.45,4.57
"762",0.8,8,20,6.84,12.24,8.57,4.5
"763",0.8,8,25,6.81,12.34,8.6,4.45
"764",0.8,8,30,6.86,11.68,8.42,4.71
"765",0.8,8,35,6.97,11.65,8.42,4.84
"766",0.8,8,40,6.92,12.31,8.57,4.42
"767",0.8,8,45,6.89,12.47,8.64,4.34
"768",0.8,8,50,6.77,12.5,8.64,4.37
"769",0.8,8,55,6.94,11.7,8.46,4.82
"770",0.8,8,60,6.81,12.43,8.66,4.49
"771",0.8,9,15,8.14,12.06,9.31,6.15
"772",0.8,9,20,7.7,13.78,9.63,4.96
"773",0.8,9,25,7.7,14.05,9.75,4.93
"774",0.8,9,30,7.68,13.76,9.75,5.26
"775",0.8,9,35,7.66,14,9.67,4.85
"776",0.8,9,40,7.68,14.23,9.92,5.08
"777",0.8,9,45,7.74,13.81,9.69,5.04
"778",0.8,9,50,7.78,13.46,9.59,5.16
"779",0.8,9,55,7.61,14.09,9.74,4.87
"780",0.8,9,60,7.88,13.78,9.67,5.16
"781",0.8,10,15,9.43,11.74,9.93,7.97
"782",0.8,10,20,8.62,15.43,10.75,5.44
"783",0.8,10,25,8.67,15.27,10.67,5.68
"784",0.8,10,30,8.55,15.49,10.73,5.32
"785",0.8,10,35,8.46,16.04,10.9,5.12
"786",0.8,10,40,8.5,15.65,10.81,5.34
"787",0.8,10,45,8.52,15.87,10.84,5.14
"788",0.8,10,50,8.65,15.57,10.77,5.42
"789",0.8,10,55,8.42,16.08,10.93,5.1
"790",0.8,10,60,8.42,16.25,10.83,4.86
"791",0.8,11,15,10.58,12.04,10.79,9.35
"792",0.8,11,20,9.5,16.93,11.89,6.22
"793",0.8,11,25,9.26,17.73,12.22,5.77
"794",0.8,11,30,9.26,18.3,12.11,5.22
"795",0.8,11,35,9.37,17.88,11.99,5.43
"796",0.8,11,40,9.07,17.88,12.26,5.63
"797",0.8,11,45,9.36,17.73,12.07,5.75
"798",0.8,11,50,9.41,17.87,12.09,5.72
"799",0.8,11,55,9.42,17.73,11.94,5.63
"800",0.8,11,60,9.18,17.9,12.08,5.39
"801",0.9,2,15,2,1.28,1.14,1
"802",0.9,2,20,2,1.1,1.05,1
"803",0.9,2,25,2,1.32,1.16,1
"804",0.9,2,30,2,1.16,1.08,1
"805",0.9,2,35,2,1.3,1.15,1
"806",0.9,2,40,2,1.26,1.13,1
"807",0.9,2,45,2,1.18,1.09,1
"808",0.9,2,50,2,1.2,1.1,1
"809",0.9,2,55,2,1.16,1.08,1
"810",0.9,2,60,2,1.16,1.08,1
"811",0.9,3,15,2.88,2.53,2.21,1.88
"812",0.9,3,20,2.9,2.52,2.21,1.9
"813",0.9,3,25,2.9,2.59,2.26,1.9
"814",0.9,3,30,2.92,2.34,2.13,1.92
"815",0.9,3,35,2.9,2.57,2.24,1.9
"816",0.9,3,40,2.94,2.39,2.17,1.94
"817",0.9,3,45,2.9,2.53,2.22,1.9
"818",0.9,3,50,2.95,2.48,2.23,1.95
"819",0.9,3,55,2.89,2.48,2.19,1.89
"820",0.9,3,60,2.87,2.76,2.32,1.87
"821",0.9,4,15,3.82,3.9,3.33,2.75
"822",0.9,4,20,3.8,3.91,3.31,2.69
"823",0.9,4,25,3.83,3.84,3.28,2.7
"824",0.9,4,30,3.83,3.84,3.31,2.77
"825",0.9,4,35,3.79,4.11,3.43,2.7
"826",0.9,4,40,3.8,4,3.37,2.72
"827",0.9,4,45,3.82,3.86,3.27,2.68
"828",0.9,4,50,3.86,3.77,3.29,2.78
"829",0.9,4,55,3.76,4.02,3.34,2.66
"830",0.9,4,60,3.8,3.85,3.29,2.7
"831",0.9,5,15,4.67,5.5,4.43,3.34
"832",0.9,5,20,4.66,5.45,4.47,3.42
"833",0.9,5,25,4.76,5.16,4.37,3.54
"834",0.9,5,30,4.71,5.22,4.37,3.47
"835",0.9,5,35,4.74,5.23,4.41,3.53
"836",0.9,5,40,4.82,4.75,4.24,3.72
"837",0.9,5,45,4.72,5.21,4.36,3.48
"838",0.9,5,50,4.83,4.94,4.37,3.73
"839",0.9,5,55,4.71,5.48,4.44,3.35
"840",0.9,5,60,4.73,5.25,4.39,3.5
"841",0.9,6,15,5.67,6.59,5.4,4.18
"842",0.9,6,20,5.5,7.62,5.74,3.79
"843",0.9,6,25,5.59,6.99,5.61,4.16
"844",0.9,6,30,5.69,6.53,5.44,4.29
"845",0.9,6,35,5.65,6.72,5.46,4.18
"846",0.9,6,40,5.59,6.98,5.55,4.07
"847",0.9,6,45,5.54,7.16,5.6,3.99
"848",0.9,6,50,5.7,6.56,5.45,4.3
"849",0.9,6,55,5.7,6.49,5.45,4.36
"850",0.9,6,60,5.7,6.62,5.48,4.3
"851",0.9,7,15,6.44,8.6,6.65,4.62
"852",0.9,7,20,6.44,8.65,6.65,4.57
"853",0.9,7,25,6.55,8.29,6.57,4.78
"854",0.9,7,30,6.55,8.18,6.62,4.95
"855",0.9,7,35,6.53,8.56,6.61,4.63
"856",0.9,7,40,6.63,7.92,6.46,4.97
"857",0.9,7,45,6.56,7.99,6.55,5.03
"858",0.9,7,50,6.52,8.23,6.62,4.92
"859",0.9,7,55,6.53,8.36,6.59,4.77
"860",0.9,7,60,6.49,8.51,6.63,4.72
"861",0.9,8,15,7.59,9.45,7.65,5.76
"862",0.9,8,20,7.43,9.9,7.66,5.4
"863",0.9,8,25,7.45,9.86,7.66,5.36
"864",0.9,8,30,7.45,9.7,7.77,5.66
"865",0.9,8,35,7.3,10.35,7.86,5.2
"866",0.9,8,40,7.54,9.26,7.58,5.82
"867",0.9,8,45,7.58,9.38,7.61,5.78
"868",0.9,8,50,7.47,9.64,7.62,5.49
"869",0.9,8,55,7.46,10.01,7.77,5.44
"870",0.9,8,60,7.46,10.12,7.71,5.25
"871",0.9,9,15,8.54,10.35,8.6,6.76
"872",0.9,9,20,8.39,11.36,8.72,5.96
"873",0.9,9,25,8.26,11.89,8.9,5.77
"874",0.9,9,30,8.23,11.8,8.97,5.93
"875",0.9,9,35,8.46,11.26,8.75,6.12
"876",0.9,9,40,8.39,11.14,8.71,6.17
"877",0.9,9,45,8.26,11.92,8.92,5.72
"878",0.9,9,50,8.36,11.32,8.75,6.05
"879",0.9,9,55,8.34,11.42,8.79,6.06
"880",0.9,9,60,8.3,11.51,8.85,6.04
"881",0.9,10,15,9.59,10.95,9.51,8.04
"882",0.9,10,20,9.2,13.06,9.91,6.56
"883",0.9,10,25,9.35,12.81,9.75,6.59
"884",0.9,10,30,9.14,13.07,9.97,6.65
"885",0.9,10,35,9.17,13.65,10,6.15
"886",0.9,10,40,9.33,13.18,9.83,6.37
"887",0.9,10,45,9.18,13.41,9.92,6.29
"888",0.9,10,50,9.2,13.53,9.97,6.23
"889",0.9,10,55,9.25,12.93,9.94,6.76
"890",0.9,10,60,9.27,12.82,9.91,6.82
"891",0.9,11,15,10.61,11.66,10.5,9.29
"892",0.9,11,20,10.37,13.32,10.77,8.06
"893",0.9,11,25,10.15,14.87,10.98,6.87
"894",0.9,11,30,10.06,15.33,11.1,6.62
"895",0.9,11,35,10.2,14.12,10.96,7.59
"896",0.9,11,40,10.13,14.92,11.06,6.99
"897",0.9,11,45,10.22,14.52,10.92,7.15
"898",0.9,11,50,10.04,15.15,11.06,6.73
"899",0.9,11,55,10.29,14.34,10.89,7.31
"900",0.9,11,60,10.14,14.63,11.01,7.18
